CASE_ID,ACCIDENT_YEAR,PROC_DATE,JURIS,COLLISION_DATE,COLLISION_TIME,OFFICER_ID,REPORTING_DISTRICT,DAY_OF_WEEK,CHP_SHIFT,POPULATION,CNTY_CITY_LOC,SPECIAL_COND,BEAT_TYPE,CHP_BEAT_TYPE,CITY_DIVISION_LAPD,CHP_BEAT_CLASS,BEAT_NUMBER,PRIMARY_RD,SECONDARY_RD,DISTANCE,DIRECTION,INTERSECTION,WEATHER_1,WEATHER_2,STATE_HWY_IND,CALTRANS_COUNTY,CALTRANS_DISTRICT,STATE_ROUTE,ROUTE_SUFFIX,POSTMILE_PREFIX,POSTMILE,LOCATION_TYPE,RAMP_INTERSECTION,SIDE_OF_HWY,TOW_AWAY,COLLISION_SEVERITY,NUMBER_KILLED,NUMBER_INJURED,PARTY_COUNT,PRIMARY_COLL_FACTOR,PCF_CODE_OF_VIOL,PCF_VIOL_CATEGORY,PCF_VIOLATION,PCF_VIOL_SUBSECTION,HIT_AND_RUN,TYPE_OF_COLLISION,MVIW,PED_ACTION,ROAD_SURFACE,ROAD_COND_1,ROAD_COND_2,LIGHTING,CONTROL_DEVICE,CHP_ROAD_TYPE,PEDESTRIAN_ACCIDENT,BICYCLE_ACCIDENT,MOTORCYCLE_ACCIDENT,TRUCK_ACCIDENT,NOT_PRIVATE_PROPERTY,ALCOHOL_INVOLVED,STWD_VEHTYPE_AT_FAULT,CHP_VEHTYPE_AT_FAULT,COUNT_SEVERE_INJ,COUNT_VISIBLE_INJ,COUNT_COMPLAINT_PAIN,COUNT_PED_KILLED,COUNT_PED_INJURED,COUNT_BICYCLIST_KILLED,COUNT_BICYCLIST_INJURED,COUNT_MC_KILLED,COUNT_MC_INJURED,PRIMARY_RAMP,SECONDARY_RAMP,LATITUDE,LONGITUDE,COUNTY,CITY,POINT_X,POINT_Y
90696079,2018,2018-04-03,9165,2018-03-30,1115,018600,,5,1,9,4600,0,1,3,,2,074,SR-89,SR-49,528.00,S,N,A,-,Y,,,89,,,,,,,Y,2,0,1,1,A,-,03,22350,,N,E,I,A,A,H,-,A,D,0,,,Y,,Y,,C,02,1,0,0,0,0,0,0,0,1,"- ","- ",39.620220184326172,-120.43531036376953,SIERRA,UNINCORPORATED,-120.43523406982422,39.620212554931641
91505225,2021,2021-06-24,9230,2021-06-07,1845,017889,,1,2,9,4600,0,1,3,,1,091,SR-49,"BRANDY CITY RD",389.00,N,N,A,-,Y,,,,,,,,,,N,2,0,1,1,A,-,03,22350,,N,F,A,A,A,H,-,A,D,0,,,Y,,Y,,C,02,1,0,0,0,0,0,0,0,1,"- ","- ",39.579319000244141,-120.995361328125,SIERRA,UNINCORPORATED,-120.99669647216797,39.519309997558594
92166750,2023,2023-09-11,9165,2023-09-04,1818,019583,,1,2,9,4600,0,1,3,,2,074,SR-89,"BECKWOURTH-CALPINE RD",3696.00,S,N,A,-,Y,SIE,,89," "," ",18.331,H,,R,N,2,0,1,1,A,-,03,22350,,N,F,A,A,A,H,-,A,D,0,,,Y,,Y,,C,02,1,0,0,0,0,0,0,0,1,"- ","- ",39.605819702148438,-120.42079925537109,SIERRA,UNINCORPORATED,-120.42081451416016,39.605819702148438
91261951,2020,2020-07-02,9165,2020-06-28,1802,019781,,7,2,9,4600,0,1,3,,2,072,SR-49,"GENASCI RD",597.00,S,N,A,-,Y,,,49,,,,,,,Y,2,0,2,1,A,-,08,22107,,N,E,I,A,A,H,-,A,D,0,,,,,Y,,A,01,1,1,0,0,0,0,0,0,0,"- ","- ",39.68048095703125,-120.28497314453125,SIERRA,UNINCORPORATED,-120.28497314453125,39.680461883544922
90398693,2017,2017-02-23,9165,2017-02-18,0700,018243,,6,1,9,4600,0,1,3,,2,071,"US-395  N/B","CA/NV STATE LINE",385.00,N,N,B,-,Y,,,395,,,,,,N,Y,2,0,2,1,A,-,03,22350,,N,F,A,A,C,H,-,A,D,0,,,,,Y,,D,22,1,0,1,0,0,0,0,0,0,"- ","- ",39.674599999999998,-120.00176999999999,SIERRA,UNINCORPORATED,-120.00174004,39.674627340000001
90506283,2017,2017-07-24,9165,2017-07-14,1740,018600,,5,2,9,4600,0,1,3,,2,074,SR-89,"WILLOW ST",0.00,,Y,A,-,Y,,,89,,,,,,,N,2,0,1,2,A,-,09,21801,A,N,F,A,A,A,H,-,A,D,0,,,Y,,Y,,A,07,1,0,0,0,0,0,0,0,1,"- ","- ",39.577629999999999,-120.37005000000001,SIERRA,UNINCORPORATED,-120.37001662999999,39.577625480000002
90275385,2016,2016-09-26,9285,2016-09-17,1400,017393,,6,2,9,4600,0,3,5,,1,008,"JOHNSVILLE MC CREA RD","QUINCY-LA PORTE RD",3168.00,S,N,A,-,N,,,,,,,,,,N,2,0,1,1,A,-,03,22350,,N,E,J,A,A,B,-,A,D,0,,,Y,,Y,,C,06,1,0,0,0,0,0,0,0,1,"- ","- ",39.748579999999997,-120.90337,SIERRA,UNINCORPORATED,-120.90902478,39.742324879999998
91833752,2022,2022-08-05,9165,2022-07-29,1728,019781,,5,2,9,4600,0,1,3,,2,074,SR-89,"OLD TRUCKEE RD",11088.00,S,N,A,-,Y,SIE,,89,,,11.871,H,,R,Y,2,0,5,2,A,-,05,21460,A,N,A,C,A,A,H,-,A,D,0,,,,,Y,,D,22,4,1,0,0,0,0,0,0,0,"- ","- ",39.555858612060547,-120.33933258056641,SIERRA,UNINCORPORATED,-120.33933258056641,39.555862426757812
90907801,2019,2019-02-27,9165,2019-01-15,1920,018243,,2,2,9,4600,0,1,3,,2,074,SR-89,"SIERRA/PLUMAS COUNTY LINE",3168.00,S,N,B,D,Y,,,89,,,,,,,Y,1,1,0,1,A,-,03,22350,,N,E,I,A,C,E,-,D,A,0,,,,,Y,,A,01,0,0,0,0,0,0,0,0,0,"- ","- ",39.695899963378906,-120.52169799804688,SIERRA,UNINCORPORATED,-120.52165222167969,39.696002960205078
94687213,2025,2025-05-14,9230,2025-05-08,1800,019235,,4,2,9,4600,0,3,5,,2,090,"MAIN STREET","MINERS STREET",290.00,S,N,A,-,N,,,,,,,,,,N,2,0,1,1,A,-,08,22107,,N,F,A,A,A,H,-,A,D,0,,,Y,,Y,Y,C,02,1,0,0,0,0,0,0,0,1,"- ","- ",39.470291137695312,-120.8436279296875,SIERRA,UNINCORPORATED,-120.84377288818359,39.468929290771484
91802667,2022,2022-06-24,9222,2022-06-21,0828,014397,,2,1,9,4600,0,1,1,,2,025,"I-80 E/B","SIERRA COUNTY LINE",1584.00,E,N,A,-,Y,SIE,,80,,,0.306,H,,R,Y,2,0,1,1,A,-,08,22107,,N,F,A,A,A,H,-,A,D,0,,,,,Y,,A,01,1,0,0,0,0,0,0,0,0,"- ","- ",39.449729919433594,-120.00904083251953,SIERRA,UNINCORPORATED,-120.00914001464844,39.449733734130859
6511011,2014,2014-08-09,9165,2014-05-21,1830,020692,,3,2,9,4600,0,3,5,,2,007,"BECKWOURTH CALPINE RD","CALPINE RD",7920.00,S,N,A,-,N,,,,,,,,,,Y,2,0,2,1,A,-,08,22107,,N,E,I,A,A,H,-,A,D,0,,,,,Y,,A,07,1,1,0,0,0,0,0,0,0,"- ","- ",39.643790000000003,-120.41853,SIERRA,UNINCORPORATED,,
91023527,2019,2019-07-03,9165,2019-07-01,1444,019583,,1,2,9,4600,0,1,3,,2,074,SR-89,"WILSON LN",156.00,N,N,A,-,Y,,,89,,,,,,,Y,2,0,1,1,A,-,08,22107,,N,F,A,A,A,H,-,A,D,0,,,Y,,Y,,C,02,1,0,0,0,0,0,0,0,1,"- ","- ",39.592880249023438,-120.38217163085938,SIERRA,UNINCORPORATED,-120.38217926025391,39.592830657958984
90411453,2017,2017-03-13,9165,2017-03-06,1344,019781,,1,1,9,4600,0,3,5,,2,007,"A-23 (WESTSIDE ROAD)",SR-89,9504.00,N,N,B,-,N,,,,,,,,,,Y,2,0,4,1,A,-,08,22107,,N,F,A,A,B,H,-,A,D,0,,,,,Y,,A,07,2,2,0,0,0,0,0,0,0,"- ","- ",39.638739999999999,-120.41855,SIERRA,UNINCORPORATED,-120.41845769,39.639045289999999
90869107,2018,2018-11-28,9222,2018-11-25,1615,017550,,7,2,9,4600,0,1,3,,2,047,"SR-89 NORTH","HENNESS PASS RD.",3960.00,S,N,A,-,Y,,,89,,,,,,,Y,2,0,2,1,A,-,08,22107,,N,E,I,A,A,H,-,B,D,0,,,,,Y,,A,01,1,0,1,0,0,0,0,0,0,"- ","- ",39.497798919677734,-120.25801086425781,SIERRA,UNINCORPORATED,-120.25798797607422,39.497840881347656
91333530,2020,2020-10-28,9230,2020-09-30,1435,016426,,3,2,9,4600,1,1,3,,1,091,SR-49,"INDIAN VALLEY RD",5808.00,S,N,A,-,Y,,,49,,,,,,,Y,2,0,2,2,A,-,05,21460,A,N,B,C,A,A,H,-,A,D,0,,,Y,,Y,,C,02,2,0,0,0,0,0,0,0,2,"- ","- ",39.504951477050781,-121.02114868164062,SIERRA,UNINCORPORATED,-121.02114868164062,39.504955291748047
90560776,2017,2017-10-02,9230,2017-08-26,1940,020425,,6,2,9,4600,0,3,5,,2,090,"SR-49 S/B","INDIAN VALLEY ROAD",10982.00,N,N,A,-,Y,,,49,,,,,,S,Y,2,0,2,1,A,-,01,23152,A,N,E,I,A,A,H,-,D,D,0,,,,,Y,Y,A,07,2,0,0,0,0,0,0,0,0,"- ","- ",39.524709999999999,-120.95475,SIERRA,UNINCORPORATED,-120.954757,39.52466372
91055177,2019,2019-08-20,9165,2019-08-09,1600,020692,,5,2,9,4600,0,3,5,,2,007,"LONG VALLEY RD","BALLS CANYON RD",695.00,S,N,A,-,N,,,,,,,,,,Y,2,0,1,2,A,-,03,22350,,N,A,C,A,A,B,H,A,D,0,,,Y,,Y,,C,06,1,0,0,0,0,0,0,0,1,"- ","- ",39.669921875,-120.00140380859375,SIERRA,UNINCORPORATED,-120.00135803222656,39.670219421386719
92143916,2023,2023-08-15,9165,2023-08-13,1136,018243,,7,1,9,4600,0,1,3,,2,073,SR-49,"USFS RD. 52",1584.00,S,N,A,-,Y,SIE,,49," "," ",45.515,H,,R,N,2,0,2,2,A,-,13,22504,A,N,B,C,A,A,H,-,A,D,0,,,Y,,Y,,C,02,1,1,0,0,0,0,0,0,2,"- ","- ",39.637718200683594,-120.45577239990234,SIERRA,UNINCORPORATED,-120.45578002929688,39.637718200683594
90861899,2018,2018-11-16,9230,2018-10-21,1000,020425,,7,1,9,4600,0,1,3,,1,091,"STATE ROUTE 49","BRANDY CITY ROAD",5755.00,S,N,A,-,Y,,,49,,,,,,,Y,1,1,0,1,A,-,03,22350,,N,F,A,A,A,H,-,A,A,0,,,Y,,Y,,C,02,0,0,0,0,0,0,0,1,0,"- ","- ",39.514808654785156,-121.01602172851562,SIERRA,UNINCORPORATED,-121.01601409912109,39.514804840087891
91053616,2019,2019-08-16,9165,2019-08-10,1210,018506,,6,1,9,4600,0,1,3,,2,073,SR-49,"VISTA POINT",528.00,N,N,B,-,Y,,,49,,,,,,,N,2,0,1,1,A,-,08,22107,,N,F,A,A,A,H,-,A,D,0,,,Y,,Y,,C,02,1,0,0,0,0,0,0,0,1,"- ","- ",39.637519836425781,-120.45570373535156,SIERRA,UNINCORPORATED,-120.45563507080078,39.637554168701172
91202088,2020,2020-03-05,9165,2020-03-01,0617,019583,,7,1,9,4600,0,1,3,,2,071,"US-395 S/B","EVANS CANYON UNDERCROSSING",2756.00,S,N,B,D,Y,,,395,,,,,,S,Y,2,0,1,1,A,-,03,22350,,N,F,A,A,C,B,E,B,A,0,,,,,Y,,D,22,1,0,0,0,0,0,0,0,0,"- ","- ",39.702671051025391,-120.03304290771484,SIERRA,UNINCORPORATED,-120.03310394287109,39.70263671875
91519694,2021,2021-07-14,9165,2021-07-03,0640,019583,,6,1,9,4600,0,3,5,,2,007,"DOG VALLEY ROAD","FOREST ROAD 15",67.00,E,N,A,-,N,,,,,,,,,,Y,2,0,1,1,A,-,08,22107,,N,E,I,A,A,H,-,A,D,0,,,,,Y,Y,A,07,1,0,0,0,0,0,0,0,0,"- ","- ",39.511600494384766,-120.22100067138672,SIERRA,UNINCORPORATED,,
92145782,2023,2023-08-16,9165,2023-08-13,1135,018243,,7,1,9,4600,0,1,3,,2,073,SR-49,"USFS RD 52",1584.00,S,N,A,-,Y,SIE,,49," "," ",45.525,H,,R,N,2,0,1,1,A,-,08,22107,,N,F,A,A,A,H,-,A,D,0,,,Y,,Y,,C,02,1,0,0,0,0,0,0,0,1,"- ","- ",39.637851715087891,-120.45587921142578,SIERRA,UNINCORPORATED,-120.45584106445312,39.637859344482422
94382162,2024,2024-09-05,9165,2024-08-25,1445,020692,,7,2,9,4600,0,3,5,,2,007,"DOG VALLEY RD","SMITHNECK RD",2112.00,E,N,A,-,N,,,,,,,,,,N,2,0,1,1,A,-,03,22350,,N,F,A,A,A,H,-,A,D,0,,,Y,,Y,,C,06,1,0,0,0,0,0,0,0,1,"- ","- ",39.506778717041016,-120.13941955566406,SIERRA,UNINCORPORATED,,
92137962,2023,2023-08-22,9165,2023-07-28,1418,019583,,5,2,9,4600,0,1,3,,2,074,SR-89,"CALPINE SUMMIT",6336.00,N,N,A,-,Y,SIE,,89," "," ",27.146,H,,R,Y,1,1,2,2,A,-,05,21460,A,N,A,C,A,A,H,-,A,D,0,,,,,Y,,-,"- ",2,0,0,0,0,0,0,0,0,"- ","- ",39.680198669433594,-120.49781036376953,SIERRA,UNINCORPORATED,-120.49779510498047,39.680221557617188
90149747,2016,2016-04-04,9230,2016-03-19,1150,020411,,6,1,9,4600,0,1,3,,1,091,SR-49,"OAK VALLEY RD",6336.00,N,N,A,-,Y,,,49,,,,,,,Y,2,0,1,1,A,-,03,22350,,N,E,I,A,A,H,-,A,D,0,,,Y,,Y,,C,02,1,0,0,0,0,0,0,0,1,"- ","- ",39.498469999999998,-121.01582000000001,SIERRA,UNINCORPORATED,-121.0158125,39.498510199999998
91098363,2019,2019-10-16,9222,2019-09-26,1620,015913,,4,2,9,4600,0,1,3,,2,047,"SR-89 N.","KYBURZ FLAT RD.",400.00,S,N,A,-,Y,,,89,,,,,,,Y,2,0,1,1,A,-,08,22107,,N,F,A,A,A,H,-,A,D,0,,,Y,,Y,,C,02,1,0,0,0,0,0,0,0,1,"- ","- ",39.50408935546875,-120.26177215576172,SIERRA,UNINCORPORATED,-120.26177215576172,39.50408935546875
92087232,2023,2023-06-06,9230,2023-05-28,1330,015944,,7,1,9,4600,0,1,3,,1,091,SR-49,"INDIAN VALLEY RD",720.00,N,N,B,-,Y,SIE,,49," "," ",5.681,H,,R,N,2,0,2,1,A,-,03,22350,,N,F,A,A,A,H,-,A,D,0,,,Y,,Y,,C,02,1,1,0,0,0,0,0,0,2,"- ","- ",39.513648986816406,-120.97889709472656,SIERRA,UNINCORPORATED,-120.97890472412109,39.513618469238281
91233546,2020,2020-05-04,9230,2020-05-02,1200,020013,,6,1,9,4600,0,1,3,,1,091,"SR-49 N/B","49 SIE 1.120",100.00,N,N,A,-,Y,,,49,,,,,,N,Y,2,0,1,1,A,-,08,22107,,N,E,I,A,A,H,-,A,D,0,,,Y,,Y,,C,02,1,0,0,0,0,0,0,0,1,"- ","- ",39.497699737548828,-121.01529693603516,SIERRA,UNINCORPORATED,-121.01548767089844,39.498523712158203
92415140,2024,2024-06-14,9285,2024-06-09,1723,018986,,7,2,9,4600,0,3,5,,2,086,"POVERTY HILL ROAD","PORT WINE RIDGE ROAD",2335.00,W,N,A,-,N,,,,,,,,,,Y,2,0,2,1,A,-,08,22107,,N,F,A,A,A,H,-,A,D,0,,,,,Y,,M,96,1,1,0,0,0,0,0,0,0,"- ","- ",39.610309600830078,-120.98924255371094,SIERRA,UNINCORPORATED,-120.98348236083984,39.606288909912109
6922261,2015,2016-12-17,9165,2015-05-05,1845,013901,,2,2,9,4600,0,1,3,,2,072,"RT 49","VISTA POINT",13728.00,S,N,B,-,Y,SIE,3,49,-,-,42.740,H,-,N,Y,2,0,1,1,A,-,03,22350,,N,F,A,A,A,H,-,A,D,0,,,Y,,Y,,C,02,1,0,0,0,0,0,0,0,1,"- ","- ",39.623910000000002,-120.47116,SIERRA,UNINCORPORATED,-120.47213837,39.62339686
91810714,2022,2022-07-05,9230,2022-07-04,1645,019235,,1,2,9,4600,0,1,3,,1,091,SR-49,"BRANDY CITY RD",50.00,S,N,B,-,Y,SIE,,49,,,4.558,H,,R,N,2,0,1,1,A,-,03,22350,,N,F,0,A,A,H,-,A,D,0,,,Y,,Y,,C,02,1,0,0,0,0,0,0,0,1,"- ","- ",39.519451141357422,-120.99832916259766,SIERRA,UNINCORPORATED,-120.99833679199219,39.519359588623047
6963211,2015,2016-12-17,9165,2015-06-14,1237,19781,,7,1,9,4600,0,1,3,,2,073,"RT 49","USFS 12 ROAD",4224.00,N,N,A,-,Y,SIE,3,49,-,-,42.230,H,-,S,N,2,0,2,1,A,-,03,22350,,N,F,A,A,A,H,-,A,D,0,,,Y,,Y,,C,02,1,0,1,0,0,0,0,0,2,"- ","- ",39.619549999999997,-120.47931,SIERRA,UNINCORPORATED,-120.47920971000001,39.619323780000002
91085530,2019,2019-09-27,9230,2019-09-15,1245,020425,,7,1,9,4600,0,1,3,,1,091,SR-49,"JIM CROW ROAD",8765.00,N,N,A,-,Y,,,49,,,,,,,Y,2,0,1,1,A,-,08,22107,,N,F,A,A,A,H,-,A,A,0,,,Y,,Y,,C,02,1,0,0,0,0,0,0,0,1,"- ","- ",39.559028625488281,-120.75910186767578,SIERRA,UNINCORPORATED,-120.75916290283203,39.559108734130859
90036654,2015,2015-10-22,9230,2015-10-19,0400,020411,,1,3,9,4600,0,1,3,,1,092,SR-49,"GOLD LAKE ROAD",1584.00,N,N,B,-,Y,,,49,,,,,,,Y,2,0,1,1,A,-,03,22350,,N,E,I,A,B,H,-,D,D,0,,,,,Y,,D,22,1,0,0,0,0,0,0,0,0,"- ","- ",39.61853,-120.58490999999999,SIERRA,UNINCORPORATED,-120.58494752999999,39.618596099999998
91056541,2019,2019-08-21,9230,2019-08-11,1250,019235,,7,1,9,4600,0,1,3,,1,092,SR-49,"LUNCH CREEK",4224.00,S,N,A,-,Y,,,49,,,,,,,Y,2,0,1,1,A,-,05,21650,,N,E,I,A,A,H,-,A,A,0,,,Y,,Y,,C,02,1,0,0,0,0,0,0,0,1,"- ","- ",39.619121551513672,-120.51869964599609,SIERRA,UNINCORPORATED,-120.51868438720703,39.619026184082031
91303802,2020,2020-09-14,9230,2020-08-30,0930,020425,,7,1,9,4600,0,1,3,,1,092,SR-49,"YUBA PASS RD",1430.00,S,N,A,-,Y,,,49,,,,,,,Y,2,0,1,1,A,-,03,22350,,N,F,A,A,A,H,-,A,D,0,,,Y,,Y,,C,02,1,0,0,0,0,0,0,0,1,"- ","- ",39.619209289550781,-120.49806213378906,SIERRA,UNINCORPORATED,-120.49805450439453,39.619205474853516
6728502,2014,2016-07-05,9165,2014-11-24,1630,013901,,1,2,9,4600,0,1,3,,2,074,"RT 89","COLD CREEK CAMPGROUND",1584.00,S,N,A,-,Y,SIE,3,89,-,-,9.920,H,-,N,Y,2,0,1,1,A,-,08,22107,,N,E,I,A,A,H,-,B,D,0,,,,,Y,,A,01,1,0,0,0,0,0,0,0,0,"- ","- ",,,SIERRA,UNINCORPORATED,-120.31447513000001,39.538868489999999
91870036,2022,2022-09-21,9230,2022-09-17,1630,020411,,6,2,9,4600,0,3,5,,2,090,"RIDGE ROAD","WILD ROSE MEADOW LN",860.00,E,N,B,-,N,,,,,,,,,,Y,2,0,1,2,A,-,09,21801,A,N,D,C,A,A,H,-,A,D,0,,,Y,,Y,,D,22,1,0,0,0,0,0,0,0,1,"- ","- ",39.425331115722656,-120.99558258056641,SIERRA,UNINCORPORATED,-120.99578094482422,39.424674987792969
94644055,2025,2025-04-10,9165,2025-03-31,1534,020569,,1,2,9,4600,0,1,3,,2,073,SR-49,"YUBA PASS RD",13200.00,N,N,B,D,Y,SIE,,49," "," ",43.800,H,,R,Y,2,0,4,2,A,-,03,22350,,N,A,C,A,C,B,E,A,A,0,,,,,Y,,A,01,1,3,0,0,0,0,0,0,0,"- ","- ",39.627288818359375,-120.46278381347656,SIERRA,UNINCORPORATED,-120.46283721923828,39.627342224121094
90198101,2016,2016-06-09,9230,2016-05-30,0910,020411,,1,1,9,4600,0,1,3,,1,092,SR-49,"CEMETERY RD",1056.00,S,N,A,-,Y,,,49,,,,,,,Y,2,0,1,1,C,-,18,,,N,E,H,A,A,H,-,A,D,0,,,Y,,Y,,-,"- ",1,0,0,0,0,0,0,0,1,"- ","- ",39.564480000000003,-120.63969,SIERRA,UNINCORPORATED,-120.63971354,39.564544740000002
94453487,2024,2024-11-01,9165,2024-10-25,1402,023990,,5,2,9,4600,0,1,3,,2,072,SR-49,"LEMON CANYON ROAD",4752.00,N,N,A,-,Y,SIE,,49," "," ",48.820,H,,R,Y,2,0,1,1,A,-,08,22107,,N,E,8,A,A,H,-,A,D,0,,,Y,,Y,,C,02,1,0,0,0,0,0,0,0,1,"- ","- ",39.598651885986328,-120.34741973876953,SIERRA,UNINCORPORATED,-120.34742736816406,39.598651885986328
90350661,2016,2016-12-21,9165,2016-12-16,1544,019781,,5,2,9,4600,0,1,3,,2,071,"US-395 N/B","CA/NV STATE LINE",450.00,N,N,B,-,Y,,,395,,,,,,N,Y,2,0,1,1,A,-,03,22350,,N,F,A,A,C,H,-,A,D,0,,,,,Y,,D,22,1,0,0,0,0,0,0,0,0,"- ","- ",39.674509999999998,-120.00176999999999,SIERRA,UNINCORPORATED,-120.00169461,39.674573520000003