CASE_ID,ACCIDENT_YEAR,PROC_DATE,JURIS,COLLISION_DATE,COLLISION_TIME,OFFICER_ID,REPORTING_DISTRICT,DAY_OF_WEEK,CHP_SHIFT,POPULATION,CNTY_CITY_LOC,SPECIAL_COND,BEAT_TYPE,CHP_BEAT_TYPE,CITY_DIVISION_LAPD,CHP_BEAT_CLASS,BEAT_NUMBER,PRIMARY_RD,SECONDARY_RD,DISTANCE,DIRECTION,INTERSECTION,WEATHER_1,WEATHER_2,STATE_HWY_IND,CALTRANS_COUNTY,CALTRANS_DISTRICT,STATE_ROUTE,ROUTE_SUFFIX,POSTMILE_PREFIX,POSTMILE,LOCATION_TYPE,RAMP_INTERSECTION,SIDE_OF_HWY,TOW_AWAY,COLLISION_SEVERITY,NUMBER_KILLED,NUMBER_INJURED,PARTY_COUNT,PRIMARY_COLL_FACTOR,PCF_CODE_OF_VIOL,PCF_VIOL_CATEGORY,PCF_VIOLATION,PCF_VIOL_SUBSECTION,HIT_AND_RUN,TYPE_OF_COLLISION,MVIW,PED_ACTION,ROAD_SURFACE,ROAD_COND_1,ROAD_COND_2,LIGHTING,CONTROL_DEVICE,CHP_ROAD_TYPE,PEDESTRIAN_ACCIDENT,BICYCLE_ACCIDENT,MOTORCYCLE_ACCIDENT,TRUCK_ACCIDENT,NOT_PRIVATE_PROPERTY,ALCOHOL_INVOLVED,STWD_VEHTYPE_AT_FAULT,CHP_VEHTYPE_AT_FAULT,COUNT_SEVERE_INJ,COUNT_VISIBLE_INJ,COUNT_COMPLAINT_PAIN,COUNT_PED_KILLED,COUNT_PED_INJURED,COUNT_BICYCLIST_KILLED,COUNT_BICYCLIST_INJURED,COUNT_MC_KILLED,COUNT_MC_INJURED,PRIMARY_RAMP,SECONDARY_RAMP,LATITUDE,LONGITUDE,COUNTY,CITY,POINT_X,POINT_Y
92171126,2023,2023-09-15,9230,2023-09-10,"925 ",018691,,7,1,9,4600,0,1,3,,1,091,SR-49,"INDIAN VALLEY ROAD",5280.00,S,N,A,-,Y,SIE,,49," "," ",2.643,H,,R,Y,2,0,1,1,C,-,18,,,N,F,A,A,A,B,-,A,A,0,,,Y,,Y,,-,"- ",1,0,0,0,0,0,0,0,1,"- ","- ",39.504810333251953,-121.02130889892578,SIERRA,UNINCORPORATED,-121.02134704589844,39.50482177734375
91303454,2020,2020-09-14,9165,2020-09-04,2200,020692,,5,3,9,4600,0,3,5,,2,007,"W. SIERRA BROOKS DR","LONGHORN DR",260.00,W,N,A,-,N,,,,,,,,,,Y,2,0,1,1,A,-,08,22107,,N,E,I,A,A,H,-,D,D,0,,,Y,,Y,,C,02,1,0,0,0,0,0,0,0,1,"- ","- ",39.638660430908203,-120.21308898925781,SIERRA,UNINCORPORATED,-120.21913909912109,39.642269134521484
90330954,2016,2016-11-28,9165,2016-11-23,0600,013901,,3,1,9,4600,0,1,3,,2,071,"US-395 N/B","LONG VALLEY U/C",1056.00,S,N,B,-,Y,,,395,,,,,,N,Y,2,0,1,1,A,-,03,22350,,N,E,I,A,C,H,-,D,D,0,,,,,Y,,A,01,1,0,0,0,0,0,0,0,0,"- ","- ",39.696309999999997,-120.02537,SIERRA,UNINCORPORATED,-120.02534502,39.696351589999999
91299720,2020,2020-09-07,9165,2020-08-28,1505,020692,,5,2,9,4600,0,3,5,,2,007,"WESTSIDE ROAD","CALPINE ROAD",15312.00,N,N,A,-,N,,,,,,,,,,Y,2,0,1,1,A,-,08,22107,,N,E,I,A,A,H,-,A,D,0,,,,,Y,,A,01,1,0,0,0,0,0,0,0,0,"- ","- ",39.706718444824219,-120.40585327148438,SIERRA,UNINCORPORATED,,
91283120,2020,2020-08-10,9230,2020-07-26,1510,019235,,7,2,9,4600,0,1,3,,1,092,SR49,"JIM CROW RD",1056.00,N,N,B,-,Y,,,49,,,,,,,N,2,0,2,3,A,-,08,22107,,N,E,I,A,A,H,-,A,D,0,,,Y,,Y,,C,02,1,0,1,0,0,0,0,0,2,"- ","- ",39.552700042724609,-120.78215026855469,SIERRA,UNINCORPORATED,-120.78215026855469,39.552719116210938
90783579,2018,2018-08-03,9230,2018-07-24,1500,019235,,2,2,9,4600,0,3,5,,2,090,"RIDGE RD","PIKE SHORTCUT ROAD",1056.00,W,N,A,-,N,,,,,,,,,,Y,2,0,1,1,A,-,01,23152,A,N,E,I,A,A,H,-,A,D,0,,,,,Y,Y,A,01,1,0,0,0,0,0,0,0,0,"- ","- ",39.420391082763672,-121.0096435546875,SIERRA,UNINCORPORATED,-121.01017761230469,39.419742584228516
90741453,2018,2018-06-05,9230,2018-05-19,1520,020425,,6,2,9,4600,0,1,3,,1,091,SR-49,"BRANDY CITY RD",546.00,S,N,A,-,Y,,,49,,,,,,,N,2,0,2,2,A,-,06,21755,,N,B,C,A,A,H,-,A,D,0,,,Y,,Y,,C,02,2,0,0,0,0,0,0,0,2,"- ","- ",39.519279479980469,-120.99844360351562,SIERRA,UNINCORPORATED,-120.99843597412109,39.519363403320312
90458319,2017,2017-05-18,9165,2017-05-09,1417,019781,,2,2,9,4600,0,1,3,,2,074,"SR-89 (LINCOLN ST)","OLD TRUCKEE RD",0.00,,Y,A,-,Y,,,89,,,,,,,N,2,0,1,1,A,-,08,22107,,N,F,A,A,A,H,-,A,D,0,,,Y,,Y,,C,02,1,0,0,0,0,0,0,0,1,"- ","- ",39.5747,-120.36875000000001,SIERRA,UNINCORPORATED,-120.36874509,39.574706509999999
90662133,2018,2018-02-15,9165,2018-02-06,1330,020692,,2,1,9,4600,0,1,3,,2,073,SR-49,"YUBA PASS RD",10560.00,N,N,A,-,Y,,,49,,,,,,,Y,2,0,1,1,A,-,08,22107,,N,E,I,A,A,H,-,A,D,0,,,,,Y,,D,22,1,0,0,0,0,0,0,0,0,"- ","- ",39.624839782714844,-120.46875,SIERRA,UNINCORPORATED,-120.46871185302734,39.624881744384766
90785811,2018,2018-08-07,9222,2018-07-31,1320,017091,,2,1,9,4600,0,1,1,,2,025,"INTERSTATE 80 WESTBOUND","STATELINE (CALIFORNIA/NEVADA)",4224.00,W,N,A,F,Y,,,80,,,,,,W,Y,2,0,1,1,A,-,08,22107,,N,E,I,A,A,H,-,A,D,0,,,,Y,Y,,G,25,1,0,0,0,0,0,0,0,0,"- ","- ",39.458209991455078,-120.00892639160156,SIERRA,UNINCORPORATED,-120.00894927978516,39.458217620849609
6968926,2015,2015-07-15,9165,2015-06-21,0850,19583,,7,1,9,4600,0,3,5,,2,007,"LONG VALLEY RD","SIE MM 10.5",4224.00,W,N,A,-,N,,,,,,,,,,Y,2,0,2,1,A,-,08,22107,,N,F,A,A,A,H,-,A,D,0,,,,,Y,,D,22,1,1,0,0,0,0,0,0,0,"- ","- ",39.622929999999997,-120.03273,SIERRA,UNINCORPORATED,,
90542586,2017,2018-01-04,9230,2017-08-27,1045,020425,,7,1,9,4600,0,3,5,,2,090,"SR-49 N/B","OAK VALLEY ROAD",5122.00,N,N,A,-,Y,,,49,,,,,,N,Y,1,1,0,1,A,-,03,22350,,N,E,I,A,A,H,-,A,A,0,,,Y,,Y,,C,02,0,0,0,0,0,0,0,1,0,"- ","- ",39.499049999999997,-121.01806000000001,SIERRA,UNINCORPORATED,-121.01801957000001,39.498938670000001
90234028,2016,2016-08-01,9165,2016-07-24,1817,019583,,7,2,9,4600,0,3,5,,2,007,"SMITHNECK ROAD","LEWIS MILL FIRE STATION ROAD",2640.00,N,N,A,-,N,,,,,,,,,,Y,2,0,2,2,A,-,03,22350,,N,A,C,A,A,H,-,A,D,0,,,Y,,Y,,C,02,2,0,0,0,0,0,0,0,2,"- ","- ",39.578119999999998,-120.15929,SIERRA,UNINCORPORATED,,
90508651,2017,2017-07-26,9165,2017-07-23,1000,013901,,7,1,9,4600,0,1,3,,2,072,"SR-49 (E. MAIN STREET)","SR-89 (S. LINCOLN STREET)",0.00,,Y,A,-,Y,,,49,,,,,,,Y,2,0,1,3,A,-,08,22107,,N,D,C,A,A,H,-,A,D,0,,,Y,,Y,,D,22,1,0,0,0,0,0,0,0,1,"- ","- ",39.589590000000001,-120.36706,SIERRA,UNINCORPORATED,-120.36704423,39.589564320000001
91044489,2019,2019-08-02,9165,2019-07-23,1940,018600,,2,2,9,4600,0,3,5,,2,007,"LONG VALLEY RD","USFS 31007",545.00,N,N,A,-,N,,,,,,,,,,Y,2,0,4,1,A,-,01,23152,A,N,E,I,A,A,H,-,A,D,0,,,,,Y,Y,D,22,1,2,1,0,0,0,0,0,0,"- ","- ",39.581668853759766,-120.05577850341797,SIERRA,UNINCORPORATED,,
90622892,2017,2017-12-21,9165,2017-11-11,1556,018600,,6,2,9,4600,0,3,5,,2,007,"A-23 (BECKWOURTH CALPINE RD)",SR-89,22.00,W,N,A,-,Y,,,,,,,,,,Y,1,1,0,3,A,-,03,22350,,N,E,I,A,A,H,-,A,A,0,,,,,Y,,D,22,0,0,0,0,0,0,0,0,0,"- ","- ",39.61524,-120.42599,SIERRA,UNINCORPORATED,,
90258055,2016,2016-08-31,9165,2016-08-29,1446,013901,,1,2,9,4600,0,1,3,,2,074,"SR-89 (S. LINCOLN STREET)","WILLOW STREET",442.00,N,N,A,-,Y,,,89,,,,,,,N,2,0,1,3,A,-,08,22107,,N,E,I,A,A,H,-,A,D,0,,,Y,,Y,,C,02,1,0,0,0,0,0,0,0,1,"- ","- ",39.578850000000003,-120.36991,SIERRA,UNINCORPORATED,-120.36983874000001,39.578840069999998
90296481,2016,2016-10-20,9165,2016-10-16,1430,020692,,7,2,9,4600,0,1,3,,2,073,SR-49,"YUBA PASS RD",1056.00,N,N,B,D,Y,,,49,,,,,,,Y,2,0,3,1,A,-,03,22350,,N,F,A,A,C,H,-,A,D,0,,,,,Y,,A,07,1,1,1,0,0,0,0,0,0,"- ","- ",39.617550000000001,-120.48593,SIERRA,UNINCORPORATED,-120.48593234000001,39.617545839999998
90209976,2016,2016-06-27,9230,2016-06-23,1155,020411,,4,1,9,4600,0,1,3,,1,091,SR-49,"OAK VALLEY RD",6336.00,N,N,A,-,Y,,,49,,,,,,,Y,2,0,2,1,A,-,03,22350,,N,F,A,A,A,H,-,A,D,0,,,Y,,Y,,C,02,2,0,0,0,0,0,0,0,2,"- ","- ",39.498579999999997,-121.01531,SIERRA,UNINCORPORATED,-121.01530911,39.49857755
91304923,2020,2020-09-15,9165,2020-08-09,1431,019583,,7,2,9,4600,0,1,3,,2,074,SR-89,"BEAR VALLEY ROAD",5280.00,N,N,A,-,Y,,,89,,,,,,,Y,1,1,0,1,A,-,01,23152,A,N,E,I,A,A,H,-,A,D,0,,,,,Y,Y,D,22,0,0,0,0,0,0,0,0,0,"- ","- ",39.518028259277344,-120.28368377685547,SIERRA,UNINCORPORATED,-120.28369140625,39.518001556396484
90959335,2019,2019-04-02,9165,2019-01-24,0715,019583,,4,1,9,4600,0,1,3,,2,074,SR-89,"WESTSIDE RD",4224.00,S,N,E,-,Y,,,89,,,,,,,Y,1,1,0,2,A,-,03,22350,,N,B,C,A,C,B,-,A,D,0,,,,Y,Y,,E,22,0,0,0,0,0,0,0,0,0,"- ","- ",39.605411529541016,-120.4208984375,SIERRA,UNINCORPORATED,-120.42090606689453,39.605411529541016
91234804,2020,2020-05-07,9230,2020-04-28,1350,019235,,2,1,9,4600,0,1,3,,1,081,SR-49,"INDIAN HILL ROAD",0.00,,Y,A,-,Y,,,49,,,,,,,Y,2,0,1,1,A,-,03,22350,,N,F,A,A,A,H,-,A,D,0,,,Y,,Y,,C,02,1,0,0,0,0,0,0,0,1,"- ","- ",39.501018524169922,-121.0057373046875,SIERRA,UNINCORPORATED,-121.00574493408203,39.501026153564453
91862364,2022,2022-09-20,9230,2022-08-30,2030,019235,,2,2,9,4600,0,1,3,,1,091,SR-49,"INDIAN HILL ROAD",4224.00,S,N,A,-,Y,SIE,,49,,,0.817,H,,R,Y,2,0,2,1,A,-,03,22350,,N,F,0,A,A,H,-,D,A,0,,,Y,,Y,,C,02,2,0,0,0,0,0,0,0,2,"- ","- ",39.498970031738281,-121.01862335205078,SIERRA,UNINCORPORATED,-121.01864624023438,39.498817443847656
94385307,2024,2024-09-09,9165,2024-08-31,1607,023990,,6,2,9,4600,0,1,3,,2,071,"US-395 S/B","LONG VALLEY  RD TRANSITION",0.00,,Y,B,-,Y,SIE,,395," ",R,0.110,H,,L,Y,2,0,2,1,A,-,08,22107,,N,E,8,A,A,H,-,A,D,0,,,Y,,Y,Y,C,02,1,0,1,0,0,0,0,0,2,"- ","- ",39.674461364746094,-120.00234985351562,SIERRA,UNINCORPORATED,-120.00232696533203,39.674476623535156
91864587,2022,2022-09-14,9230,2022-09-05,1445,019235,,1,2,9,4600,0,1,3,,1,092,SR-49,"LOGANVILLE LN",5280.00,S,N,A,-,Y,SIE,,49,,,26.538,H,,R,Y,2,0,1,1,A,-,08,22107,,N,E,I,A,A,H,-,A,D,0,,,,,Y,,A,07,1,0,0,0,0,0,0,0,0,"- ","- ",39.567649841308594,-120.68650054931641,SIERRA,UNINCORPORATED,-120.68650817871094,39.567611694335938
90261509,2016,2016-09-06,9222,2016-08-23,0030,019477,,2,3,9,4600,0,1,3,,2,047,"SR-89N N","SIERRA CO LINE",1795.00,N,N,A,-,Y,,,89,,,,,,,Y,2,0,1,1,A,-,08,22107,,N,E,I,A,A,H,-,D,D,0,,,,,Y,,A,08,1,0,0,0,0,0,0,0,0,"- ","- ",39.448219999999999,-120.21526,SIERRA,UNINCORPORATED,-120.21526747,39.448214729999997
90873302,2018,2018-12-03,9165,2018-11-22,1247,019583,,4,1,9,4600,0,3,5,,2,007,"HENNESS PASS RD","SUNRISE CREEK RD",2640.00,N,N,A,-,N,,,,,,,,,,N,2,0,1,1,A,-,03,38305,,N,F,A,A,A,H,-,A,D,0,,,Y,,Y,,C,06,1,0,0,0,0,0,0,0,1,"- ","- ",39.530250549316406,-120.01805114746094,SIERRA,UNINCORPORATED,-120.0643310546875,39.531604766845703
90232729,2016,2016-07-28,9222,2016-06-27,1300,015908,,1,1,9,4600,0,3,5,,2,040,"HENNESS PASS RD.","STAMPEDE MEADOWS RD.",1584.00,W,N,A,-,N,,,,,,,,,,N,2,0,1,1,A,-,03,38305,,N,F,A,A,A,H,-,A,D,0,,,Y,,Y,,C,06,1,0,0,0,0,0,0,0,1,"- ","- ",39.50638,-120.09832,SIERRA,UNINCORPORATED,-120.09724438000001,39.506337850000001
91845863,2022,2022-08-22,9230,2022-08-15,1130,019235,,1,1,9,4600,0,1,3,,1,091,SR-49,"SIERRA/YUBA COUNTY LINE",5280.00,N,N,A,-,Y,SIE,,49,,,1.023,H,,R,N,2,0,1,1,A,-,03,22350,,N,F,0,A,A,H,-,A,A,0,,,Y,,Y,,C,02,1,0,0,0,0,0,0,0,1,"- ","- ",39.49871826171875,-121.01522064208984,SIERRA,UNINCORPORATED,-121.01516723632812,39.498668670654297
91726661,2022,2022-03-18,9165,2022-03-13,1520,019781,,7,2,9,4600,0,3,5,,2,007,"LONG VALLEY RD","BALLS CANYON RD",520.00,S,N,A,-,N,,,,,,,,,,Y,2,0,2,1,A,-,01,23152,A,N,E,I,A,A,H,-,A,D,0,,,,,Y,Y,-,"- ",1,1,0,0,0,0,0,0,0,"- ","- ",39.670658111572266,-120.00145721435547,SIERRA,UNINCORPORATED,-120.00156402587891,39.670650482177734
90047237,2015,2015-11-09,9230,2015-08-29,1935,020411,,6,2,9,4600,0,1,3,,1,091,SR-49,"OAK VALLEY ROAD",10560.00,N,N,A,-,Y,,,49,,,,,,,Y,1,1,0,1,A,-,08,22107,,N,F,A,A,A,H,-,B,D,0,,,Y,,Y,,C,02,0,0,0,0,0,0,0,1,0,"- ","- ",39.498930000000001,-121.01473,SIERRA,UNINCORPORATED,-121.01471411,39.498891489999998
92092915,2023,2023-06-13,9230,2023-06-07,1600,019940,,3,2,9,4600,0,1,3,,1,092,SR-49,"CHAPMAN CREEK CAMPGROUND ENTRANCE",1056.00,N,N,B,-,Y,SIE,,49," "," ",38.307,H,,R,N,2,0,1,1,C,-,18,,,N,H,H,A,A,H,-,A,D,0,,,Y,,Y,,-,"- ",1,0,0,0,0,0,0,0,1,"- ","- ",39.620738983154297,-120.53553771972656,SIERRA,UNINCORPORATED,-120.53556823730469,39.620719909667969
90216363,2016,2016-07-05,9230,2016-07-02,1545,020411,,6,2,9,4600,0,1,3,,1,092,SR-49,"LADIES CANYON CROSSING",3168.00,N,N,A,-,Y,,,49,,,,,,,Y,2,0,3,2,A,-,03,22350,,N,E,I,A,A,H,-,A,D,0,,,Y,,Y,,C,02,1,2,0,0,0,0,0,0,3,"- ","- ",39.565710000000003,-120.71177,SIERRA,UNINCORPORATED,-120.71177059,39.56571314
90216130,2016,2016-07-05,9230,2016-06-25,1555,020411,,6,2,9,4600,0,1,3,,1,092,SR-49,"LADIES CANYON CROSSING",3168.00,N,N,A,-,Y,,,49,,,,,,,Y,2,0,1,1,A,-,03,22350,,N,E,I,A,A,H,-,A,D,0,,,Y,,Y,,C,02,1,0,0,0,0,0,0,0,1,"- ","- ",39.565980000000003,-120.71523000000001,SIERRA,UNINCORPORATED,-120.71519314,39.56594673
91734745,2022,2022-03-28,9165,2022-02-21,1910,020692,,1,2,9,4600,0,1,3,,2,071,"US-395 SOUTHBOUND","LONG VALLEY ROAD",6864.00,N,N,B,-,Y,SIE,,395,,R,1.385,H,,L,Y,1,1,0,1,A,-,08,22107,,N,F,A,A,B,H,-,D,D,0,,,,,Y,,A,07,0,0,0,0,0,0,0,0,0,"- ","- ",39.689720153808594,-120.01545715332031,SIERRA,UNINCORPORATED,-120.01557159423828,39.689651489257812
91116874,2019,2019-11-11,9165,2019-09-21,1435,020692,,6,2,9,4600,0,1,3,,2,074,SR-89,"COTTONWOOD RD",3168.00,N,N,A,-,Y,,,89,,,,,,,Y,1,1,0,1,C,-,18,,,N,E,I,A,A,H,-,A,D,0,,,Y,,Y,,-,"- ",0,0,0,0,0,0,0,1,0,"- ","- ",39.513931274414062,-120.28096008300781,SIERRA,UNINCORPORATED,-120.28098297119141,39.513931274414062
90864940,2018,2018-11-21,9165,2018-11-14,1441,019781,,3,2,9,4600,0,1,3,,2,073,SR-49,"USFS ROAD 12",1056.00,N,N,A,-,Y,,,49,,,,,,,Y,2,0,1,1,A,-,03,22350,,N,E,I,A,A,H,-,A,D,0,,,Y,,Y,,C,02,1,0,0,0,0,0,0,0,1,"- ","- ",39.617328643798828,-120.48562622070312,SIERRA,UNINCORPORATED,-120.48566436767578,39.6173095703125
90832184,2018,2018-10-09,9230,2018-09-29,1720,019235,,6,2,9,4600,0,1,3,,1,092,SR-49,"FOREST SERVICE ROAD 09",4752.00,S,N,A,-,Y,,,49,,,,,,,Y,2,0,1,1,A,-,03,22350,,N,F,A,A,A,H,-,A,D,0,,,Y,,Y,,C,02,1,0,0,0,0,0,0,0,1,"- ","- ",39.618911743164062,-120.52079772949219,SIERRA,UNINCORPORATED,-120.52080535888672,39.618804931640625
91056634,2019,2019-08-21,9165,2019-08-18,1422,018243,,7,2,9,4600,0,3,5,,2,007,"BECKWOURTH CALPINE ROAD","CALPINE ROAD",1584.00,S,N,A,-,N,,,,,,,,,,Y,2,0,5,1,A,-,01,23152,A,N,E,I,A,A,H,-,A,D,0,,,,,Y,Y,A,01,4,1,0,0,0,0,0,0,0,"- ","- ",39.660781860351562,-120.41010284423828,SIERRA,UNINCORPORATED,-120.41004943847656,39.660846710205078
92190235,2023,2023-10-04,9230,2023-09-17,1400,020425,,7,2,9,4600,0,1,3,,1,091,SR49,"LOGANVILLE ROAD",1305.00,S,N,A,-,Y,SIE,,49," "," ",27.404,H,,R,N,2,0,1,1,A,-,03,22350,,N,E,8,A,A,H,-,A,D,0,,,Y,,Y,,-,"- ",1,0,0,0,0,0,0,0,1,"- ","- ",39.568328857421875,-120.67292785644531,SIERRA,UNINCORPORATED,-120.67292785644531,39.568290710449219
6608007,2014,2016-05-06,9230,2014-08-17,1240,019235,,7,1,9,4600,0,1,3,,1,081,"RT 49","SIERRA/YUBA CO LINE",4224.00,N,N,A,-,Y,SIE,3,49,-,-,0.710,H,-,N,Y,2,0,1,1,A,-,05,21650,,N,E,I,A,A,H,-,A,D,0,,,Y,,Y,,C,02,1,0,0,0,0,0,0,0,1,"- ","- ",39.498750000000001,-121.0183,SIERRA,UNINCORPORATED,-121.01829884999999,39.498838169999999
91017286,2019,2019-06-25,9165,2019-06-14,1510,020692,,5,2,9,4600,0,1,3,,2,073,SR-49,"USFS RD 52",1584.00,S,N,A,-,Y,,,49,,,,,,,Y,2,0,2,1,C,-,18,,,N,F,A,A,A,H,-,A,D,0,,,,Y,Y,,-,"- ",1,1,0,0,0,0,0,0,0,"- ","- ",39.635108947753906,-120.45614624023438,SIERRA,UNINCORPORATED,-120.45579528808594,39.635028839111328
91301913,2020,2020-09-10,9230,2020-09-07,2050,019235,,1,2,9,4600,0,1,3,,1,081,SR-49,"INDIAN CREEK",5280.00,S,N,A,-,Y,,,,,,,,,,Y,2,0,1,1,A,-,01,23152,A,N,E,I,A,A,H,-,D,D,0,,,,,Y,Y,D,22,1,0,0,0,0,0,0,0,0,"- ","- ",39.496711730957031,-121.01944732666016,SIERRA,UNINCORPORATED,,
91769984,2022,2022-05-11,9165,2022-04-30,2132,019781,,6,2,9,4600,0,1,3,,2,074,SR-89,"CALPINE CO RD",1056.00,S,N,A,-,Y,SIE,,89,,,24.062,H,,R,Y,2,0,1,1,A,-,01,23152,A,N,E,8,A,A,H,-,D,D,0,,,,,Y,Y,A,07,1,0,0,0,0,0,0,0,0,"- ","- ",39.675140380859375,-120.44834136962891,SIERRA,UNINCORPORATED,-120.44828796386719,39.675174713134766