CASE_ID,ACCIDENT_YEAR,PROC_DATE,JURIS,COLLISION_DATE,COLLISION_TIME,OFFICER_ID,REPORTING_DISTRICT,DAY_OF_WEEK,CHP_SHIFT,POPULATION,CNTY_CITY_LOC,SPECIAL_COND,BEAT_TYPE,CHP_BEAT_TYPE,CITY_DIVISION_LAPD,CHP_BEAT_CLASS,BEAT_NUMBER,PRIMARY_RD,SECONDARY_RD,DISTANCE,DIRECTION,INTERSECTION,WEATHER_1,WEATHER_2,STATE_HWY_IND,CALTRANS_COUNTY,CALTRANS_DISTRICT,STATE_ROUTE,ROUTE_SUFFIX,POSTMILE_PREFIX,POSTMILE,LOCATION_TYPE,RAMP_INTERSECTION,SIDE_OF_HWY,TOW_AWAY,COLLISION_SEVERITY,NUMBER_KILLED,NUMBER_INJURED,PARTY_COUNT,PRIMARY_COLL_FACTOR,PCF_CODE_OF_VIOL,PCF_VIOL_CATEGORY,PCF_VIOLATION,PCF_VIOL_SUBSECTION,HIT_AND_RUN,TYPE_OF_COLLISION,MVIW,PED_ACTION,ROAD_SURFACE,ROAD_COND_1,ROAD_COND_2,LIGHTING,CONTROL_DEVICE,CHP_ROAD_TYPE,PEDESTRIAN_ACCIDENT,BICYCLE_ACCIDENT,MOTORCYCLE_ACCIDENT,TRUCK_ACCIDENT,NOT_PRIVATE_PROPERTY,ALCOHOL_INVOLVED,STWD_VEHTYPE_AT_FAULT,CHP_VEHTYPE_AT_FAULT,COUNT_SEVERE_INJ,COUNT_VISIBLE_INJ,COUNT_COMPLAINT_PAIN,COUNT_PED_KILLED,COUNT_PED_INJURED,COUNT_BICYCLIST_KILLED,COUNT_BICYCLIST_INJURED,COUNT_MC_KILLED,COUNT_MC_INJURED,PRIMARY_RAMP,SECONDARY_RAMP,LATITUDE,LONGITUDE,COUNTY,CITY,POINT_X,POINT_Y
91098188,2019,2019-10-16,9230,2019-10-12,1210,018143,,6,1,9,4600,0,1,3,,1,091,SR-49,"INDIAN VALLEY RD",4200.00,S,N,A,-,Y,,,49,,,,,,,Y,2,0,1,1,A,-,03,22350,,N,F,A,A,A,D,-,A,A,0,,,Y,,Y,,C,02,1,0,0,0,0,0,0,0,1,"- ","- ",39.506050109863281,-121.01938629150391,SIERRA,UNINCORPORATED,-121.01941680908203,39.506092071533203
91264049,2020,2020-07-06,9230,2020-06-27,1715,020425,,6,2,9,4600,0,1,3,,1,092,SR-49,"ROMANO RANCH ROAD",4774.00,S,N,A,-,Y,,,49,,,,,,,Y,2,0,1,1,A,-,03,22350,,N,F,A,A,A,B,D,A,D,0,,,Y,,Y,,C,02,1,0,0,0,0,0,0,0,1,"- ","- ",39.565990447998047,-120.71498870849609,SIERRA,UNINCORPORATED,-120.71505737304688,39.566078186035156
94537789,2025,2025-01-14,9165,2025-01-12,1250,019282,,7,1,9,4600,0,1,3,,2,073,SR-49,"FOREST SERVICE ROAD 52",45.00,N,N,A,-,Y,SIE,,49," "," ",45.870,H,,R,N,2,0,1,1,A,-,03,22350,,N,F,A,A,A,B,-,A,D,0,,,Y,,Y,,C,02,1,0,0,0,0,0,0,0,1,"- ","- ",39.637489318847656,-120.45024108886719,SIERRA,UNINCORPORATED,-120.45024871826172,39.637485504150391
90267578,2016,2016-09-14,9230,2016-09-08,1340,018243,,4,1,9,4600,0,1,3,,1,091,SR-49,"YUBA PASS ROAD",2640.00,S,N,A,-,Y,,,49,,,,,,,N,2,0,1,1,A,-,03,22350,,N,F,A,A,A,H,-,A,D,0,,Y,,,Y,,L,04,1,0,0,0,0,0,1,0,0,"- ","- ",39.619219999999999,-120.49809,SIERRA,UNINCORPORATED,-120.49808193,39.61919597
91062721,2019,2019-08-29,9230,2019-08-17,1700,020425,,6,2,9,4600,0,3,5,,2,090,"GOLD LAKE HIGHWAY","FRAZIER CREEK ROAD",441.00,N,N,A,-,N,,,,,,,,,,Y,2,0,1,1,A,-,01,23152,F,N,E,I,A,A,H,-,A,D,0,,,,,Y,,D,22,1,0,0,0,0,0,0,0,0,"- ","- ",39.690128326416016,-120.64240264892578,SIERRA,UNINCORPORATED,-120.64218902587891,39.689395904541016
6569555,2014,2016-04-25,9165,2014-07-19,0710,012886,,6,1,9,4600,0,1,3,,2,074,"RT 89","COTTONWOOD CR CAMPGROUND",528.00,S,N,A,-,Y,SIE,3,89,-,-,10.460,H,-,N,Y,2,0,3,1,A,-,08,22107,,N,E,I,A,A,H,-,A,D,0,,,,,Y,,D,22,2,0,1,0,0,0,0,0,0,"- ","- ",,,SIERRA,UNINCORPORATED,-120.3175256,39.546205239999999
90449966,2017,2017-05-05,9165,2017-04-01,2129,018600,,6,2,9,4600,0,1,3,,2,074,SR-89,"VERDI GRADE RD",3696.00,S,N,A,-,Y,,,89,,,,,,,Y,1,1,3,2,A,-,03,22350,,N,A,C,A,A,H,-,D,D,0,,,,,Y,,D,22,1,2,0,0,0,0,0,0,0,"- ","- ",39.545140000000004,-120.31627,SIERRA,UNINCORPORATED,-120.31626377000001,39.545146770000002
6574790,2014,2016-05-04,9230,2014-07-19,1650,019235,,6,2,9,4600,0,1,3,,1,091,"RT 49","BELLE ST",1056.00,N,N,B,-,Y,SIE,3,49,-,-,17.390,H,-,N,Y,2,0,1,1,A,-,05,21650,,N,E,I,A,A,H,-,A,D,0,,,,,Y,,D,22,1,0,0,0,0,0,0,0,0,"- ","- ",39.550400000000003,-120.01770999999999,SIERRA,UNINCORPORATED,-120.81857673,39.558422649999997
90025805,2015,2015-10-19,9230,2015-09-06,1600,017889,,7,2,9,4600,0,1,3,,1,092,SR-49,"SHAFFERS HIGH SIERRA CAMP ROAD",2640.00,N,N,A,-,Y,,,49,,,,,,,Y,2,0,1,1,A,-,03,22350,,N,E,I,A,A,H,-,A,D,0,,,Y,,Y,Y,C,02,1,0,0,0,0,0,0,0,1,"- ","- ",39.618760000000002,-120.52087,SIERRA,UNINCORPORATED,-120.52086504,39.61880506
94746611,2025,2025-07-07,9230,2025-06-20,"235 ",021152,,5,3,9,4600,0,1,3,,1,091,"STATE ROUTE 49","SADDLEBACK ROAD",4752.00,S,N,A,-,Y,SIE,,49," "," ",15.407,H,,R,N,2,0,1,1,A,-,08,22107,,N,F,I,A,A,H,-,D,D,0,,,Y,,Y,,-,"- ",1,0,0,0,0,0,0,0,1,"- ","- ",39.559898376464844,-120.84848785400391,SIERRA,UNINCORPORATED,-120.84848022460938,39.559917449951172
91461119,2021,2021-05-27,9222,2021-04-21,0315,019294,,3,3,9,4600,0,1,1,,2,025,"INTERSTATE 80 E/B","SIERRA COUNTY LINE",1320.00,E,N,A,-,Y,,,80,,,,,,E,Y,2,0,2,1,A,-,08,22107,,N,E,J,A,A,H,-,D,D,0,,,,,Y,,A,01,2,0,0,0,0,0,0,0,0,"- ","- ",39.445781707763672,-120.01004028320312,SIERRA,UNINCORPORATED,-120.01016998291016,39.445808410644531
90497256,2017,2017-07-10,9165,2017-07-01,1530,019781,,6,2,9,4600,0,1,3,,2,074,SR-89,"USFS 89-70",301.00,S,N,A,-,Y,,,,,,,,,,Y,2,0,2,1,A,-,03,22350,,N,E,I,A,A,H,-,A,D,0,,,Y,,Y,,C,02,1,1,0,0,0,0,0,0,2,"- ","- ",39.556890000000003,-120.33132999999999,SIERRA,UNINCORPORATED,,
90180077,2016,2016-05-16,9230,2016-05-11,1210,020411,,3,1,9,4600,0,1,3,,1,091,SR-49,"INDIAN VALLEY RD",4224.00,S,N,A,-,Y,,,49,,,,,,,N,2,0,1,1,A,-,03,22350,,N,F,A,A,A,H,-,A,D,0,,,Y,,Y,,C,02,1,0,0,0,0,0,0,0,1,"- ","- ",39.506839999999997,-121.01881,SIERRA,UNINCORPORATED,-121.01882118,39.506870120000002
6635928,2014,2016-05-06,9165,2014-09-20,1340,018506,,6,1,9,4600,0,1,3,,2,073,"RT 49","MOUNTAIN QUAIL RD",15840.00,S,N,A,-,Y,SIE,3,49,-,-,43.850,H,-,N,N,2,0,1,1,A,-,03,22350,,N,F,A,A,A,H,-,A,D,0,,,Y,,Y,,C,02,1,0,0,0,0,0,0,0,1,"- ","- ",39.326909999999998,-120.46167,SIERRA,UNINCORPORATED,-120.46285511000001,39.627332119999998
91275440,2020,2020-07-28,9230,2020-07-17,1415,021334,,5,2,9,4600,0,1,3,,1,092,SR-49,"INDIAN VALLEY RD",11616.00,N,N,A,-,Y,,,49,,,,,,,Y,2,0,1,1,A,-,08,22107,,N,E,I,A,A,H,-,A,D,0,,,Y,,Y,,C,02,1,0,0,0,0,0,0,0,1,"- ","- ",39.524341583251953,-120.9527587890625,SIERRA,UNINCORPORATED,-120.95282745361328,39.524383544921875
94430214,2024,2024-10-14,9222,2024-08-26,"415 ",022255,,1,3,9,4600,0,1,3,,2,047,"STATE ROUTE 89","DOG VALLEY ROAD",14626.00,S,N,A,-,Y,SIE,,89," "," ",2.967,H,,R,Y,1,1,0,1,A,-,08,22107,,N,E,8,A,A,H,-,D,D,0,,,,,Y,,D,22,0,0,0,0,0,0,0,0,0,"- ","- ",39.483619689941406,-120.23438262939453,SIERRA,UNINCORPORATED,-120.23433685302734,39.483634948730469
91375593,2020,2020-12-28,9222,2020-12-19,2148,018123,,6,2,9,4600,0,1,1,,2,025,"I-80 EASTBOUND","SIERRA COUNTY LINE",500.00,E,N,A,-,Y,,,80,,,,,,E,Y,2,0,1,1,A,-,01,23152,A,N,E,I,A,A,H,-,D,D,0,,,,,Y,Y,A,01,1,0,0,0,0,0,0,0,0,"- ","- ",39.447799682617188,-120.00949859619141,SIERRA,UNINCORPORATED,-120.00957489013672,39.447822570800781
6571223,2014,2016-05-06,9165,2014-07-16,0955,019781,,3,1,9,4600,0,1,3,,2,072,"RT 49","RT 89",4.16,N,N,A,-,Y,SIE,3,49,-,-,51.600,H,-,S,Y,2,0,2,2,A,-,01,23152,E,N,C,C,A,A,H,-,A,D,0,,,,,Y,,A,07,1,1,0,0,0,0,0,0,0,"- ","- ",,,SIERRA,UNINCORPORATED,-120.36591739000001,39.637876570000003
90475169,2017,2017-06-12,9165,2017-06-07,1130,018243,,3,1,9,4600,0,1,3,,2,072,SR-49,"HILL ST.",2640.00,S,N,B,-,Y,,,49,,,,,,,N,2,0,1,1,A,-,03,22350,,N,F,A,A,A,H,-,A,D,0,,Y,,,Y,,L,04,1,0,0,0,0,0,1,0,0,"- ","- ",39.674869999999999,-120.25843999999999,SIERRA,UNINCORPORATED,-120.25844398,39.674892710000002
92221278,2023,2023-10-27,9165,2023-10-19,1320,018506,,4,1,9,4600,0,1,3,,2,073,SR-49,"USFS 52 RD",2640.00,N,N,A,-,Y,SIE,,49," "," ",46.396,H,,R,N,2,0,1,1,A,-,08,22107,,N,H,A,A,A,H,-,A,D,0,,,Y,,Y,,C,02,1,0,0,0,0,0,0,0,1,"- ","- ",39.632881164550781,-120.44967651367188,SIERRA,UNINCORPORATED,-120.44969940185547,39.632839202880859
6475249,2014,2014-07-07,9230,2014-03-30,1420,18098,,7,2,9,4600,0,3,5,,2,090,"RIDGE RD","MAGNUS ORCHARD RD",6336.00,E,N,B,-,N,,,,,,,,,,Y,2,0,1,1,A,-,08,22107,,N,F,A,A,B,H,-,A,D,0,,,,,Y,,A,07,1,0,0,0,0,0,0,0,0,"- ","- ",39.47043,-120.88251,SIERRA,UNINCORPORATED,-120.90026736,39.46277843
6622440,2014,2016-05-04,9230,2014-09-07,1235,020411,,7,1,9,4600,0,1,3,,1,091,"RT 49","N YUBA RIVER",3854.00,S,N,A,-,Y,SIE,3,49,-,-,2.910,H,-,S,Y,2,0,1,1,A,-,08,22107,,N,E,I,A,A,H,-,A,D,0,,,Y,,Y,,C,02,1,0,0,0,0,0,0,0,1,"- ","- ",39.506059999999998,-121.01934,SIERRA,UNINCORPORATED,-121.01744834,39.507897649999997
90193003,2016,2016-06-02,9165,2016-05-20,1515,020692,,5,2,9,4600,0,1,3,,2,074,SR-89,"USFS 89-54",398.00,N,N,B,D,Y,,,89,,,,,,,Y,2,0,2,2,A,-,03,22350,,N,A,C,A,C,H,-,A,D,0,,,,,Y,,A,08,2,0,0,0,0,0,0,0,0,"- ","- ",39.531460000000003,-120.30269,SIERRA,UNINCORPORATED,-120.30268844,39.531475399999998
91028808,2019,2019-07-11,9165,2019-07-02,2000,018600,,2,2,9,4600,0,3,5,,2,007,"LONG VALLEY ROAD","BALLS CANYON RD",546.00,S,N,A,-,N,,,,,,,,,,N,2,0,1,1,A,-,03,22350,,N,F,A,A,A,H,-,A,D,0,,,Y,,Y,,C,06,1,0,0,0,0,0,0,0,1,"- ","- ",39.670478820800781,-120.00138092041016,SIERRA,UNINCORPORATED,-120.00150299072266,39.670597076416016
90814917,2018,2018-09-17,9165,2018-09-09,1227,020692,,7,1,9,4600,0,1,3,,2,074,SR-89,"SULPHUR CREEK LOOP",2640.00,S,N,A,-,Y,,,89,,,,,,,N,2,0,1,1,C,-,18,,,N,H,H,A,A,H,-,A,D,0,,,Y,,Y,,-,"- ",1,0,0,0,0,0,0,0,1,"- ","- ",39.682628631591797,-120.49932098388672,SIERRA,UNINCORPORATED,-120.49921417236328,39.682636260986328
92223496,2023,2023-10-31,9222,2023-10-22,1150,017550,,7,1,9,4600,0,3,5,,2,040,"STAMPEDE MEADOWS RD","NEVADA COUNTY LINE",1085.00,N,N,B,-,Y,,,,,,,,,,Y,2,0,2,1,A,-,01,23152,A,N,E,I,A,A,H,-,A,D,0,,,,,Y,Y,D,22,1,1,0,0,0,0,0,0,0,"- ","- ",39.44805908203125,-120.09853363037109,SIERRA,UNINCORPORATED,,
90540351,2017,2017-09-05,9230,2017-08-29,1450,019235,,2,2,9,4600,0,1,3,,1,081,SR-49,"SIERRA/YUBA CO LINE",5280.00,N,N,A,-,Y,,,49,,,,,,,Y,2,0,1,1,A,-,03,22350,,N,E,I,A,A,H,-,A,A,0,,,Y,,Y,,C,02,1,0,0,0,0,0,0,0,1,"- ","- ",39.498539999999998,-121.01575,SIERRA,UNINCORPORATED,-121.01575255,39.498501740000002
6475422,2014,2016-03-28,9230,2014-04-20,1100,18098,,7,1,9,4600,0,1,3,,1,091,"RT 49","DEPOT HILL",4224.00,N,N,A,-,Y,SIE,3,49,-,-,0.730,H,-,N,N,2,0,1,1,A,-,08,22107,,N,F,A,A,A,H,-,A,D,0,,,Y,,Y,,C,02,1,0,0,0,0,0,0,0,1,"- ","- ",39.499049999999997,-121.01806000000001,SIERRA,UNINCORPORATED,-121.01798427999999,39.498951490000003
6467375,2014,2016-03-28,9165,2014-04-09,1330,012886,,3,1,9,4600,0,1,3,,2,074,"RT 89","BECKWORTH CALPINE RD",1584.00,S,N,A,-,Y,SIE,3,89,-,-,18.770,H,-,N,Y,2,0,1,1,A,-,05,21650,,N,E,I,A,A,H,-,A,D,0,,,Y,,Y,,C,02,1,0,0,0,0,0,0,0,1,"- ","- ",,,SIERRA,UNINCORPORATED,-120.42254328999999,39.611114370000003
90458146,2017,2017-05-17,9230,2017-05-10,1715,019235,,3,2,9,4600,0,1,3,,1,092,SR-49,"LADIES CANYON CREEK",2640.00,N,N,A,-,Y,,,49,,,,,,,Y,2,0,1,1,A,-,05,21650,,N,E,I,A,A,H,-,A,A,0,,,Y,,Y,,C,02,1,0,0,0,0,0,0,0,1,"- ","- ",39.565989999999999,-120.71528000000001,SIERRA,UNINCORPORATED,-120.71521061,39.565927369999997
91354538,2020,2020-11-27,9165,2020-10-14,1702,019583,,3,2,9,4600,0,1,3,,2,072,SR-49,"RAILROAD AVE",1056.00,S,N,A,-,Y,,,49,,,,,,,Y,1,1,1,2,A,-,08,22107,,N,E,I,A,A,H,-,A,D,0,,,,,Y,,A,07,1,0,0,0,0,0,0,0,0,"- ","- ",39.683979034423828,-120.22164154052734,SIERRA,UNINCORPORATED,-120.22158813476562,39.683979034423828
91713621,2022,2022-03-02,9230,2022-02-27,1400,019235,,7,2,9,4600,0,1,3,,1,081,SR-49,"SIERRA / YUBA COUNTY LINE",4224.00,N,N,A,-,Y,SIE,,49,,,0.829,H,,R,N,2,0,1,1,A,-,03,22350,,N,F,A,A,B,B,-,A,A,0,,,Y,,Y,,C,02,1,0,0,0,0,0,0,0,1,"- ","- ",39.498851776123047,-121.0184326171875,SIERRA,UNINCORPORATED,-121.01842498779297,39.49884033203125
91231237,2020,2020-04-30,9222,2020-04-20,2130,018315,,1,2,9,4600,0,1,3,,2,047,SR-89N,"SIERRA COUNTY ROAD 450",10560.00,S,N,A,-,Y,,,89,,,,,,,Y,2,0,1,1,A,-,08,22107,,N,F,A,A,A,H,-,D,D,0,,,,,Y,Y,D,22,1,0,0,0,0,0,0,0,0,"- ","- ",39.497299194335938,-120.25700378417969,SIERRA,UNINCORPORATED,-120.25698852539062,39.497322082519531
91626817,2021,2021-11-17,9165,2021-11-14,1457,019583,,7,2,9,4600,0,1,3,,2,073,SR-49,"YUBA PASS RD",1056.00,N,N,A,-,Y,,,49,,,,,,,N,2,0,1,1,A,-,03,22350,,N,F,A,A,A,B,-,A,D,0,,,Y,,Y,,C,02,1,0,0,0,0,0,0,0,1,"- ","- ",39.617580413818359,-120.4859619140625,SIERRA,UNINCORPORATED,-120.48596954345703,39.617561340332031
91281838,2020,2020-08-06,9222,2020-08-01,1045,019233,,6,1,9,4600,0,3,5,,2,040,"STAMPEDE DAM RD.","DOG VALLEY RD.",4224.00,S,N,A,-,N,,,,,,,,,,N,2,0,1,2,A,-,06,21750,,F,B,G,A,A,H,-,A,D,0,,Y,,,Y,,-,99,1,0,0,0,0,0,1,0,0,"- ","- ",39.471641540527344,-120.09918212890625,SIERRA,UNINCORPORATED,,
90461301,2017,2017-05-23,9165,2017-05-15,0714,019583,,1,1,9,4600,0,1,3,,2,074,"SR-89 (LINCOLN STREET)","WILLOW ST",1056.00,N,N,A,-,Y,,,89,,,,,,,Y,2,0,1,1,A,-,08,22107,,N,E,I,A,A,H,-,A,D,0,,,,,Y,,A,01,1,0,0,0,0,0,0,0,0,"- ","- ",39.581449999999997,-120.36953,SIERRA,UNINCORPORATED,-120.36946722,39.581440780000001
90522320,2017,2017-08-14,9165,2017-08-05,2225,018600,,6,3,9,4600,0,3,5,,2,007,"JACKSON MEADOWS RD",SR-89,175.00,W,N,B,-,Y,,,,,,,,,,Y,2,0,2,1,A,-,08,22107,,N,E,I,A,A,H,-,D,D,0,,,,,Y,,A,01,2,0,0,0,0,0,0,0,0,"- ","- ",39.505540000000003,-120.28299,SIERRA,UNINCORPORATED,,
91264072,2020,2020-07-06,9230,2020-06-28,1330,020425,,7,1,9,4600,0,1,3,,1,091,"CRAYCROFT RIDGE ROAD","LAVEZZOLA CREEK ROAD",26400.00,W,N,A,-,N,,,,,,,,,,N,2,0,1,1,A,-,03,22350,,N,F,A,A,A,A,G,A,D,0,,,Y,,Y,,C,02,1,0,0,0,0,0,0,0,1,"- ","- ",39.621318817138672,-120.79579162597656,SIERRA,UNINCORPORATED,,
94607465,2025,2025-03-18,9165,2025-03-04,1400,021507,,2,2,9,4600,0,1,3,,2,074,SR-89,"SULFUR CREEK LOOP",3696.00,S,N,A,-,Y,SIE,,89," "," ",27.160,H,,R,Y,2,0,1,1,A,-,08,22107,,N,F,0,A,A,H,-,A,D,0,,,,,Y,,D,22,1,0,0,0,0,0,0,0,0,"- ","- ",39.680221557617188,-120.49812316894531,SIERRA,UNINCORPORATED,-120.49799346923828,39.680332183837891
91530079,2021,2021-07-27,9230,2021-06-07,1643,019235,,1,2,9,4600,0,1,3,,1,091,SR-49,"CASTAGNA ALLEY",139.00,S,N,A,-,Y,,,49,,,,,,,Y,2,0,1,2,C,-,18,,,N,A,E,A,A,H,-,A,D,0,,,,,Y,,-,"- ",1,0,0,0,0,0,0,0,0,"- ","- ",39.565410614013672,-120.63681030273438,SIERRA,UNINCORPORATED,-120.63681793212891,39.565448760986328
90219771,2016,2016-07-11,9230,2016-06-26,1800,019235,,7,2,9,4600,0,1,3,,1,092,SR-49,"UNION FLAT CAMP GROUND",6864.00,S,N,A,-,Y,,,49,,,,,,,Y,2,0,1,1,A,-,08,22107,,N,F,I,A,A,H,-,A,D,0,,,Y,,Y,,C,02,1,0,0,0,0,0,0,0,1,"- ","- ",39.559649999999998,-120.75837,SIERRA,UNINCORPORATED,-120.7586252,39.55979628
90489410,2017,2017-06-28,9165,2017-06-25,1501,019583,,7,2,9,4600,0,1,3,,2,074,SR-89,"SULPHUR CREEK LOOP",1584.00,N,N,A,-,Y,,,89,,,,,,,Y,2,0,2,1,C,-,18,,,N,H,H,A,A,H,-,A,D,0,,,Y,,Y,,-,"- ",2,0,0,0,0,0,0,0,2,"- ","- ",39.690130000000003,-120.50928,SIERRA,UNINCORPORATED,-120.5092822,39.690125049999999
90283875,2016,2016-10-04,9222,2016-08-25,2500,018618,,4,4,9,4600,0,1,1,,2,025,"I-80 EASTBOUND","SIERRA COUNTY LINE",587.00,E,N,A,-,Y,,,80,,,,,,E,Y,1,1,0,1,A,-,08,22107,,N,E,I,A,A,H,-,A,D,0,,,,,Y,,A,01,0,0,0,0,0,0,0,0,0,"- ","- ",39.447929999999999,-120.00946999999999,SIERRA,UNINCORPORATED,-120.00953865,39.447950120000002
90552699,2017,2017-09-21,9165,2017-09-13,1715,019781,,3,2,9,4600,0,3,5,,2,007,"LEMON CANYON RD","CAMPBELL HOT SPRINGS RD",13200.00,E,N,B,C,N,,,,,,,,,,Y,2,0,1,1,A,-,03,22350,,N,E,I,A,B,H,-,A,D,0,,,Y,,Y,,C,06,1,0,0,0,0,0,0,0,1,"- ","- ",39.579729999999998,-120.30329,SIERRA,UNINCORPORATED,-120.30468767000001,39.57962414
91428859,2021,2021-03-17,9165,2021-03-09,0711,013901,,2,1,9,4600,0,1,3,,2,074,SR-89,"OLD TRUCKEE RD",1584.00,S,N,B,-,Y,,,89,,,,,,,Y,2,0,1,1,A,-,03,22350,,N,E,I,A,C,B,-,A,A,0,,,,,Y,,A,07,1,0,0,0,0,0,0,0,0,"- ","- ",39.5714111328125,-120.36402130126953,SIERRA,UNINCORPORATED,-120.36403656005859,39.571380615234375